{
  "config": {
    "n_estimators": 300,
    "max_depth": null,
    "min_samples_leaf": 1,
    "class_weight": "balanced",
    "seed": 42,
    "n_features": 106,
    "feature_set": "engineered (normalized + angles)"
  },
  "classes": [
    "FLIGHT",
    "LEFT_STANCE",
    "RIGHT_STANCE"
  ],
  "n_train": 5811,
  "n_val": 737,
  "n_test": 1490,
  "val": {
    "name": "VAL",
    "n": 737,
    "accuracy": 0.7937584803256446,
    "f1_macro": 0.7915168538252629,
    "labels": [
      "FLIGHT",
      "LEFT_STANCE",
      "RIGHT_STANCE"
    ],
    "confusion_matrix": [
      [
        166,
        35,
        23
      ],
      [
        40,
        203,
        17
      ],
      [
        33,
        4,
        216
      ]
    ],
    "classification_report": "              precision    recall  f1-score   support\n\n      FLIGHT      0.695     0.741     0.717       224\n LEFT_STANCE      0.839     0.781     0.809       260\nRIGHT_STANCE      0.844     0.854     0.849       253\n\n    accuracy                          0.794       737\n   macro avg      0.792     0.792     0.792       737\nweighted avg      0.797     0.794     0.795       737\n"
  },
  "test": {
    "name": "TEST",
    "n": 1490,
    "accuracy": 0.6100671140939598,
    "f1_macro": 0.6110405025139031,
    "labels": [
      "FLIGHT",
      "LEFT_STANCE",
      "RIGHT_STANCE"
    ],
    "confusion_matrix": [
      [
        258,
        143,
        75
      ],
      [
        140,
        351,
        34
      ],
      [
        128,
        61,
        300
      ]
    ],
    "classification_report": "              precision    recall  f1-score   support\n\n      FLIGHT      0.490     0.542     0.515       476\n LEFT_STANCE      0.632     0.669     0.650       525\nRIGHT_STANCE      0.733     0.613     0.668       489\n\n    accuracy                          0.610      1490\n   macro avg      0.619     0.608     0.611      1490\nweighted avg      0.620     0.610     0.613      1490\n"
  },
  "per_file_test": {
    "02 - Running at 13km⧸h - Side View.csv": {
      "n": 300,
      "accuracy": 0.6366666666666667,
      "f1_macro": 0.6093085649738081
    },
    "20 - Running (0.8 to 3.5 m⧸s)__segment_1.csv": {
      "n": 870,
      "accuracy": 0.6114942528735632,
      "f1_macro": 0.6137329758116016
    },
    "22 - Running Analysis with Physiotherapist.csv": {
      "n": 320,
      "accuracy": 0.58125,
      "f1_macro": 0.5708022446519311
    }
  },
  "top_features": [
    [
      "right_ankle_angle",
      0.0394006255192365
    ],
    [
      "left_knee_angle",
      0.03885464588051363
    ],
    [
      "right_knee_angle",
      0.0366737911624907
    ],
    [
      "LEFT_FOOT_INDEX_x_norm",
      0.02274831264245176
    ],
    [
      "LEFT_ANKLE_y_norm",
      0.020894534236538604
    ],
    [
      "RIGHT_FOOT_INDEX_x_norm",
      0.020848827301566283
    ],
    [
      "RIGHT_ANKLE_y_norm",
      0.020742354791595655
    ],
    [
      "LEFT_HEEL_y_norm",
      0.018948408099358008
    ],
    [
      "RIGHT_HEEL_y_norm",
      0.01892201245296397
    ],
    [
      "RIGHT_KNEE_z_norm",
      0.018516429544261623
    ],
    [
      "RIGHT_KNEE_x_norm",
      0.01845042573879521
    ],
    [
      "RIGHT_FOOT_INDEX_y_norm",
      0.017642392978449346
    ],
    [
      "LEFT_KNEE_x_norm",
      0.01683195710945962
    ],
    [
      "right_hip_angle",
      0.016726573480520316
    ],
    [
      "LEFT_ANKLE_x_norm",
      0.015447545581475514
    ],
    [
      "RIGHT_HEEL_x_norm",
      0.015445949154936606
    ],
    [
      "LEFT_FOOT_INDEX_y_norm",
      0.014998748710185701
    ],
    [
      "LEFT_KNEE_z_norm",
      0.013457456730769054
    ],
    [
      "LEFT_HEEL_x_norm",
      0.012457663801812935
    ],
    [
      "RIGHT_INDEX_x_norm",
      0.0120789973161494
    ],
    [
      "RIGHT_ANKLE_x_norm",
      0.01183946092738411
    ],
    [
      "LEFT_HIP_z_norm",
      0.01124748514490989
    ],
    [
      "RIGHT_THUMB_x_norm",
      0.010975799009591992
    ],
    [
      "LEFT_INDEX_x_norm",
      0.010686239258296537
    ],
    [
      "RIGHT_WRIST_z_norm",
      0.010439978797924496
    ],
    [
      "RIGHT_FOOT_INDEX_z_norm",
      0.01028894547715787
    ],
    [
      "LEFT_SHOULDER_z_norm",
      0.009911676885681172
    ],
    [
      "RIGHT_WRIST_x_norm",
      0.009802443545323735
    ],
    [
      "LEFT_ELBOW_x_norm",
      0.009770717983763073
    ],
    [
      "RIGHT_HIP_z_norm",
      0.009578265858153042
    ]
  ]
}