{
  "single_models": {
    "rf_v1": {
      "label": "RF v1 (raw)",
      "raw": {
        "acc": 0.6353591160220995,
        "f1_macro": 0.6262102990830994,
        "per_film": {
          "02 - Running at 13km⧸h - Side View.csv": {
            "n": 286,
            "accuracy": 0.5209790209790209,
            "f1_macro": 0.43092257398218686
          },
          "20 - Running (0.8 to 3.5 m⧸s)__segment_1.csv": {
            "n": 856,
            "accuracy": 0.647196261682243,
            "f1_macro": 0.6441561109209175
          },
          "22 - Running Analysis with Physiotherapist.csv": {
            "n": 306,
            "accuracy": 0.7091503267973857,
            "f1_macro": 0.6514846418331562
          }
        }
      },
      "filtered": {
        "3": {
          "acc": 0.630524861878453,
          "f1_macro": 0.620827663114438,
          "per_film": {
            "02 - Running at 13km⧸h - Side View.csv": {
              "n": 286,
              "accuracy": 0.513986013986014,
              "f1_macro": 0.41946011891367085
            },
            "20 - Running (0.8 to 3.5 m⧸s)__segment_1.csv": {
              "n": 856,
              "accuracy": 0.6460280373831776,
              "f1_macro": 0.6429212058716908
            },
            "22 - Running Analysis with Physiotherapist.csv": {
              "n": 306,
              "accuracy": 0.696078431372549,
              "f1_macro": 0.6293663707143934
            }
          }
        },
        "5": {
          "acc": 0.625,
          "f1_macro": 0.6141780821933699,
          "per_film": {
            "02 - Running at 13km⧸h - Side View.csv": {
              "n": 286,
              "accuracy": 0.493006993006993,
              "f1_macro": 0.38205909678900235
            },
            "20 - Running (0.8 to 3.5 m⧸s)__segment_1.csv": {
              "n": 856,
              "accuracy": 0.6460280373831776,
              "f1_macro": 0.6426941539389516
            },
            "22 - Running Analysis with Physiotherapist.csv": {
              "n": 306,
              "accuracy": 0.6895424836601307,
              "f1_macro": 0.6174806003993898
            }
          }
        }
      }
    },
    "rf_v2": {
      "label": "RF v2 (engineered)",
      "raw": {
        "acc": 0.6871546961325967,
        "f1_macro": 0.6879980348617281,
        "per_film": {
          "02 - Running at 13km⧸h - Side View.csv": {
            "n": 286,
            "accuracy": 0.6608391608391608,
            "f1_macro": 0.646198676580621
          },
          "20 - Running (0.8 to 3.5 m⧸s)__segment_1.csv": {
            "n": 856,
            "accuracy": 0.6962616822429907,
            "f1_macro": 0.6942817880880998
          },
          "22 - Running Analysis with Physiotherapist.csv": {
            "n": 306,
            "accuracy": 0.6862745098039216,
            "f1_macro": 0.6906435681606297
          }
        }
      },
      "filtered": {
        "3": {
          "acc": 0.694060773480663,
          "f1_macro": 0.6947512495119051,
          "per_film": {
            "02 - Running at 13km⧸h - Side View.csv": {
              "n": 286,
              "accuracy": 0.6608391608391608,
              "f1_macro": 0.6453960502965334
            },
            "20 - Running (0.8 to 3.5 m⧸s)__segment_1.csv": {
              "n": 856,
              "accuracy": 0.6997663551401869,
              "f1_macro": 0.6986411514426937
            },
            "22 - Running Analysis with Physiotherapist.csv": {
              "n": 306,
              "accuracy": 0.7091503267973857,
              "f1_macro": 0.7131111440637152
            }
          }
        },
        "5": {
          "acc": 0.6816298342541437,
          "f1_macro": 0.6813629760672052,
          "per_film": {
            "02 - Running at 13km⧸h - Side View.csv": {
              "n": 286,
              "accuracy": 0.6643356643356644,
              "f1_macro": 0.6464854947827083
            },
            "20 - Running (0.8 to 3.5 m⧸s)__segment_1.csv": {
              "n": 856,
              "accuracy": 0.6939252336448598,
              "f1_macro": 0.6923866998752207
            },
            "22 - Running Analysis with Physiotherapist.csv": {
              "n": 306,
              "accuracy": 0.6633986928104575,
              "f1_macro": 0.6655457705192133
            }
          }
        }
      }
    },
    "lstm_r1": {
      "label": "LSTM run 1 (h=128)",
      "raw": {
        "acc": 0.6712707182320442,
        "f1_macro": 0.6628488272996025,
        "per_film": {
          "02 - Running at 13km⧸h - Side View.csv": {
            "n": 286,
            "accuracy": 0.548951048951049,
            "f1_macro": 0.5213368449962772
          },
          "20 - Running (0.8 to 3.5 m⧸s)__segment_1.csv": {
            "n": 856,
            "accuracy": 0.6810747663551402,
            "f1_macro": 0.6732785889243891
          },
          "22 - Running Analysis with Physiotherapist.csv": {
            "n": 306,
            "accuracy": 0.7581699346405228,
            "f1_macro": 0.7399485515074063
          }
        }
      },
      "filtered": {
        "3": {
          "acc": 0.669889502762431,
          "f1_macro": 0.6612569724587737,
          "per_film": {
            "02 - Running at 13km⧸h - Side View.csv": {
              "n": 286,
              "accuracy": 0.541958041958042,
              "f1_macro": 0.5130409037774063
            },
            "20 - Running (0.8 to 3.5 m⧸s)__segment_1.csv": {
              "n": 856,
              "accuracy": 0.6810747663551402,
              "f1_macro": 0.6732723167744371
            },
            "22 - Running Analysis with Physiotherapist.csv": {
              "n": 306,
              "accuracy": 0.7581699346405228,
              "f1_macro": 0.7385360221961529
            }
          }
        },
        "5": {
          "acc": 0.6505524861878453,
          "f1_macro": 0.6364121466342244,
          "per_film": {
            "02 - Running at 13km⧸h - Side View.csv": {
              "n": 286,
              "accuracy": 0.534965034965035,
              "f1_macro": 0.4995451534167283
            },
            "20 - Running (0.8 to 3.5 m⧸s)__segment_1.csv": {
              "n": 856,
              "accuracy": 0.6670560747663551,
              "f1_macro": 0.6559634023334092
            },
            "22 - Running Analysis with Physiotherapist.csv": {
              "n": 306,
              "accuracy": 0.7124183006535948,
              "f1_macro": 0.6783133432952928
            }
          }
        }
      }
    },
    "lstm_r2": {
      "label": "LSTM run 2 (primary)",
      "raw": {
        "acc": 0.6526243093922652,
        "f1_macro": 0.6449365959162847,
        "per_film": {
          "02 - Running at 13km⧸h - Side View.csv": {
            "n": 286,
            "accuracy": 0.506993006993007,
            "f1_macro": 0.4953311319024032
          },
          "20 - Running (0.8 to 3.5 m⧸s)__segment_1.csv": {
            "n": 856,
            "accuracy": 0.669392523364486,
            "f1_macro": 0.6614398704252576
          },
          "22 - Running Analysis with Physiotherapist.csv": {
            "n": 306,
            "accuracy": 0.7418300653594772,
            "f1_macro": 0.724883801169634
          }
        }
      },
      "filtered": {
        "3": {
          "acc": 0.6512430939226519,
          "f1_macro": 0.6433506337116249,
          "per_film": {
            "02 - Running at 13km⧸h - Side View.csv": {
              "n": 286,
              "accuracy": 0.506993006993007,
              "f1_macro": 0.4953311319024032
            },
            "20 - Running (0.8 to 3.5 m⧸s)__segment_1.csv": {
              "n": 856,
              "accuracy": 0.6682242990654206,
              "f1_macro": 0.660109198435903
            },
            "22 - Running Analysis with Physiotherapist.csv": {
              "n": 306,
              "accuracy": 0.738562091503268,
              "f1_macro": 0.7209064170804607
            }
          }
        },