{
  "rf_v1": {
    "label": "RF v1 (raw)",
    "baseline": {
      "acc": 0.6268456375838927,
      "f1": 0.6170398772763084,
      "per_film": {
        "02 - Running at 13km⧸h - Side View.csv": {
          "n": 300,
          "accuracy": 0.5166666666666667,
          "f1_macro": 0.4221619993977717
        },
        "20 - Running (0.8 to 3.5 m⧸s)__segment_1.csv": {
          "n": 870,
          "accuracy": 0.6367816091954023,
          "f1_macro": 0.6335721364993084
        },
        "22 - Running Analysis with Physiotherapist.csv": {
          "n": 320,
          "accuracy": 0.703125,
          "f1_macro": 0.6437733589752893
        }
      }
    },
    "filtered": {
      "3": {
        "acc": 0.6228187919463087,
        "f1": 0.6124130964650166,
        "per_film": {
          "02 - Running at 13km⧸h - Side View.csv": {
            "n": 300,
            "accuracy": 0.5133333333333333,
            "f1_macro": 0.41321852269439147
          },
          "20 - Running (0.8 to 3.5 m⧸s)__segment_1.csv": {
            "n": 870,
            "accuracy": 0.635632183908046,
            "f1_macro": 0.6323596998284274
          },
          "22 - Running Analysis with Physiotherapist.csv": {
            "n": 320,
            "accuracy": 0.690625,
            "f1_macro": 0.6228116288331341
          }
        }
      },
      "5": {
        "acc": 0.6181208053691275,
        "f1": 0.6064386280552537,
        "per_film": {
          "02 - Running at 13km⧸h - Side View.csv": {
            "n": 300,
            "accuracy": 0.49333333333333335,
            "f1_macro": 0.37778566569053745
          },
          "20 - Running (0.8 to 3.5 m⧸s)__segment_1.csv": {
            "n": 870,
            "accuracy": 0.635632183908046,
            "f1_macro": 0.6321552106094025
          },
          "22 - Running Analysis with Physiotherapist.csv": {
            "n": 320,
            "accuracy": 0.6875,
            "f1_macro": 0.613363572508542
          }
        }
      },
      "7": {
        "acc": 0.5892617449664429,
        "f1": 0.5671847075150697,
        "per_film": {
          "02 - Running at 13km⧸h - Side View.csv": {
            "n": 300,
            "accuracy": 0.4633333333333333,
            "f1_macro": 0.31777733044561557
          },
          "20 - Running (0.8 to 3.5 m⧸s)__segment_1.csv": {
            "n": 870,
            "accuracy": 0.5977011494252874,
            "f1_macro": 0.5871238775910277
          },
          "22 - Running Analysis with Physiotherapist.csv": {
            "n": 320,
            "accuracy": 0.684375,
            "f1_macro": 0.5973681116189398
          }
        }
      },
      "9": {
        "acc": 0.536241610738255,
        "f1": 0.475094083494278,
        "per_film": {
          "02 - Running at 13km⧸h - Side View.csv": {
            "n": 300,
            "accuracy": 0.41333333333333333,
            "f1_macro": 0.2207909927961452
          },
          "20 - Running (0.8 to 3.5 m⧸s)__segment_1.csv": {
            "n": 870,
            "accuracy": 0.5310344827586206,
            "f1_macro": 0.48343328002699887
          },
          "22 - Running Analysis with Physiotherapist.csv": {
            "n": 320,
            "accuracy": 0.665625,
            "f1_macro": 0.5512304967643571
          }
        }
      }
    }
  },
  "rf_v2": {
    "label": "RF v2 (engineered)",
    "baseline": {
      "acc": 0.6704697986577182,
      "f1": 0.6708840586620334,
      "per_film": {
        "02 - Running at 13km⧸h - Side View.csv": {
          "n": 300,
          "accuracy": 0.63,
          "f1_macro": 0.613874852796338
        },
        "20 - Running (0.8 to 3.5 m⧸s)__segment_1.csv": {
          "n": 870,
          "accuracy": 0.6862068965517242,
          "f1_macro": 0.6838736006922209
        },
        "22 - Running Analysis with Physiotherapist.csv": {
          "n": 320,
          "accuracy": 0.665625,
          "f1_macro": 0.6691631504922645
        }
      }
    },
    "filtered": {
      "3": {
        "acc": 0.6778523489932886,
        "f1": 0.6781284546751051,
        "per_film": {
          "02 - Running at 13km⧸h - Side View.csv": {
            "n": 300,
            "accuracy": 0.63,
            "f1_macro": 0.6132829525774562
          },
          "20 - Running (0.8 to 3.5 m⧸s)__segment_1.csv": {
            "n": 870,
            "accuracy": 0.6885057471264368,
            "f1_macro": 0.686803231744321
          },
          "22 - Running Analysis with Physiotherapist.csv": {
            "n": 320,
            "accuracy": 0.69375,
            "f1_macro": 0.6971103609034645
          }
        }
      },
      "5": {
        "acc": 0.6664429530201342,
        "f1": 0.6659046631168929,
        "per_film": {
          "02 - Running at 13km⧸h - Side View.csv": {
            "n": 300,
            "accuracy": 0.6333333333333333,
            "f1_macro": 0.614434669273379
          },
          "20 - Running (0.8 to 3.5 m⧸s)__segment_1.csv": {
            "n": 870,
            "accuracy": 0.6827586206896552,
            "f1_macro": 0.6807241149119926
          },
          "22 - Running Analysis with Physiotherapist.csv": {
            "n": 320,
            "accuracy": 0.653125,
            "f1_macro": 0.6554436247035867
          }
        }
      },
      "7": {
        "acc": 0.6295302013422819,
        "f1": 0.6246663233856622,
        "per_film": {
          "02 - Running at 13km⧸h - Side View.csv": {
            "n": 300,
            "accuracy": 0.6066666666666667,
            "f1_macro": 0.5654037844363816
          },
          "20 - Running (0.8 to 3.5 m⧸s)__segment_1.csv": {
            "n": 870,
            "accuracy": 0.6425287356321839,
            "f1_macro": 0.6371388933184741
          },
          "22 - Running Analysis with Physiotherapist.csv": {
            "n": 320,
            "accuracy": 0.615625,
            "f1_macro": 0.6187258943168978
          }
        }
      },
      "9": {
        "acc": 0.5651006711409396,
        "f1": 0.5457374829936731,
        "per_film": {
          "02 - Running at 13km⧸h - Side View.csv": {
            "n": 300,
            "accuracy": 0.5033333333333333,
            "f1_macro": 0.3921731415687903
          },
          "20 - Running (0.8 to 3.5 m⧸s)__segment_1.csv": {
            "n": 870,
            "accuracy": 0.5735632183908046,
            "f1_macro": 0.5539339096085879
          },
          "22 - Running Analysis with Physiotherapist.csv": {
            "n": 320,
            "accuracy": 0.6,
            "f1_macro": 0.6023402523402523
          }
        }
      }
    }
  },
  "lstm_r1": {
    "label": "LSTM run 1 (h=128)",
    "baseline": {
      "acc": 0.6712707182320442,
      "f1": 0.6628488272996025,
      "per_film": {
        "02 - Running at 13km⧸h - Side View.csv": {
          "n": 286,
          "accuracy": 0.548951048951049,
          "f1_macro": 0.5213368449962772
        },
        "20 - Running (0.8 to 3.5 m⧸s)__segment_1.csv": {
          "n": 856,
          "accuracy": 0.6810747663551402,
          "f1_macro": 0.6732785889243891
        },
        "22 - Running Analysis with Physiotherapist.csv": {
          "n": 306,
          "accuracy": 0.7581699346405228,
          "f1_macro": 0.7399485515074063
        }
      }
    },
    "filtered": {
      "3": {
        "acc": 0.669889502762431,
        "f1": 0.6612569724587737,
        "per_film": {
          "02 - Running at 13km⧸h - Side View.csv": {
            "n": 286,
            "accuracy": 0.541958041958042,
            "f1_macro": 0.5130409037774063
          },
          "20 - Running (0.8 to 3.5 m⧸s)__segment_1.csv": {
            "n": 856,
            "accuracy": 0.6810747663551402,
            "f1_macro": 0.6732723167744371
          },
          "22 - Running Analysis with Physiotherapist.csv": {
            "n": 306,
            "accuracy": 0.7581699346405228,
            "f1_macro": 0.7385360221961529
          }
        }
      },
      "5": {
        "acc": 0.6505524861878453,