{
  "config": {
    "window_size": 15,
    "hidden_size": 128,
    "num_layers": 2,
    "dropout": 0.3,
    "lr": 0.001,
    "batch_size": 64,
    "weight_decay": 1e-05,
    "epochs_run": 20,
    "best_epoch": 5,
    "patience": 15,
    "seed": 42,
    "n_features": 106,
    "feature_set": "engineered (normalized + angles)",
    "labels": [
      "FLIGHT",
      "LEFT_STANCE",
      "RIGHT_STANCE"
    ],
    "n_params": 637699,
    "augment_flip": false,
    "aspect_fix": true
  },
  "n_train_windows": 9639,
  "n_val_windows": 709,
  "n_test_windows": 1448,
  "val": {
    "name": "VAL",
    "n": 709,
    "accuracy": 0.8716502115655853,
    "f1_macro": 0.8692677686539413,
    "labels": [
      "FLIGHT",
      "LEFT_STANCE",
      "RIGHT_STANCE"
    ],
    "confusion_matrix": [
      [
        176,
        19,
        29
      ],
      [
        25,
        214,
        0
      ],
      [
        17,
        1,
        228
      ]
    ],
    "classification_report": "              precision    recall  f1-score   support\n\n      FLIGHT      0.807     0.786     0.796       224\n LEFT_STANCE      0.915     0.895     0.905       239\nRIGHT_STANCE      0.887     0.927     0.907       246\n\n    accuracy                          0.872       709\n   macro avg      0.870     0.869     0.869       709\nweighted avg      0.871     0.872     0.871       709\n"
  },
  "test": {
    "name": "TEST",
    "n": 1448,
    "accuracy": 0.7085635359116023,
    "f1_macro": 0.7089281398717353,
    "labels": [
      "FLIGHT",
      "LEFT_STANCE",
      "RIGHT_STANCE"
    ],
    "confusion_matrix": [
      [
        321,
        79,
        76
      ],
      [
        110,
        333,
        54
      ],
      [
        82,
        21,
        372
      ]
    ],
    "classification_report": "              precision    recall  f1-score   support\n\n      FLIGHT      0.626     0.674     0.649       476\n LEFT_STANCE      0.769     0.670     0.716       497\nRIGHT_STANCE      0.741     0.783     0.762       475\n\n    accuracy                          0.709      1448\n   macro avg      0.712     0.709     0.709      1448\nweighted avg      0.713     0.709     0.709      1448\n"
  },
  "per_file_test": {
    "02 - Running at 13km⧸h - Side View.csv": {
      "n": 286,
      "accuracy": 0.5454545454545454,
      "f1_macro": 0.5316800300906388,
      "confusion_matrix": [
        [
          54,
          27,
          12
        ],
        [
          38,
          75,
          0
        ],
        [
          44,
          9,
          27
        ]
      ]
    },
    "20 - Running (0.8 to 3.5 m⧸s)__segment_1.csv": {
      "n": 856,
      "accuracy": 0.7091121495327103,
      "f1_macro": 0.7033436366730467,
      "confusion_matrix": [
        [
          193,
          36,
          60
        ],
        [
          64,
          160,
          54
        ],
        [
          23,
          12,
          254
        ]
      ]
    },
    "22 - Running Analysis with Physiotherapist.csv": {
      "n": 306,
      "accuracy": 0.8594771241830066,
      "f1_macro": 0.8570836125575517,
      "confusion_matrix": [
        [
          74,
          16,
          4
        ],
        [
          8,
          98,
          0
        ],
        [
          15,
          0,
          91
        ]
      ]
    }
  },
  "history": [
    {
      "epoch": 1,
      "train_loss": 0.504023356350842,
      "val_loss": 0.45015387382090344,
      "val_acc": 0.7997179125528914
    },
    {
      "epoch": 2,
      "train_loss": 0.3813014014667233,
      "val_loss": 0.37691560026116366,
      "val_acc": 0.8533145275035261
    },
    {
      "epoch": 3,
      "train_loss": 0.3482890774477397,
      "val_loss": 0.38731239960963704,
      "val_acc": 0.8575458392101551
    },
    {
      "epoch": 4,
      "train_loss": 0.3221595017917898,
      "val_loss": 0.3875127573023394,
      "val_acc": 0.8533145275035261
    },
    {
      "epoch": 5,
      "train_loss": 0.30820796002220635,
      "val_loss": 0.36411405816064735,
      "val_acc": 0.8716502115655853
    },
    {
      "epoch": 6,
      "train_loss": 0.2944907032890825,
      "val_loss": 0.41186123523120316,
      "val_acc": 0.849083215796897
    },
    {
      "epoch": 7,
      "train_loss": 0.27179368239956975,
      "val_loss": 0.39094019074870434,
      "val_acc": 0.8645980253878702
    },
    {
      "epoch": 8,
      "train_loss": 0.26568306459496355,
      "val_loss": 0.4349063831172642,
      "val_acc": 0.842031029619182
    },
    {
      "epoch": 9,
      "train_loss": 0.25402538374757133,
      "val_loss": 0.4462521262834708,
      "val_acc": 0.8307475317348378
    },
    {
      "epoch": 10,
      "train_loss": 0.23992836564187184,
      "val_loss": 0.4259738958268643,
      "val_acc": 0.849083215796897
    },
    {
      "epoch": 11,
      "train_loss": 0.22620108901270178,
      "val_loss": 0.42279285902869385,
      "val_acc": 0.8504936530324401
    },
    {
      "epoch": 12,
      "train_loss": 0.21711426060523417,
      "val_loss": 0.40612524445201514,
      "val_acc": 0.8617771509167842
    },
    {
      "epoch": 13,
      "train_loss": 0.2175789045675701,
      "val_loss": 0.45750466493524516,
      "val_acc": 0.8377997179125529
    },
    {
      "epoch": 14,
      "train_loss": 0.20124823896103347,
      "val_loss": 0.40418948352925366,
      "val_acc": 0.8631875881523272
    },
    {
      "epoch": 15,
      "train_loss": 0.18774009069168804,
      "val_loss": 0.4238322199820127,
      "val_acc": 0.8575458392101551
    },
    {
      "epoch": 16,
      "train_loss": 0.19829613123311113,
      "val_loss": 0.42124244629580143,
      "val_acc": 0.8504936530324401
    },
    {
      "epoch": 17,
      "train_loss": 0.1789726246863801,
      "val_loss": 0.4868083866930479,
      "val_acc": 0.847672778561354
    },
    {
      "epoch": 18,
      "train_loss": 0.17552068392863338,
      "val_loss": 0.5284194697866319,
      "val_acc": 0.8307475317348378
    },
    {
      "epoch": 19,
      "train_loss": 0.1749387668655408,
      "val_loss": 0.4599041829072202,
      "val_acc": 0.8561354019746121
    },
    {
      "epoch": 20,
      "train_loss": 0.15522385625452395,
      "val_loss": 0.46445480346343415,
      "val_acc": 0.8533145275035261
    }
  ]
}