{
  "config": {
    "window_size": 15,
    "hidden_size": 64,
    "num_layers": 2,
    "dropout": 0.4,
    "lr": 0.0003,
    "batch_size": 64,
    "weight_decay": 0.0001,
    "epochs_run": 17,
    "best_epoch": 2,
    "patience": 15,
    "seed": 42,
    "n_features": 106,
    "feature_set": "engineered (normalized + angles)",
    "labels": [
      "FLIGHT",
      "LEFT_STANCE",
      "RIGHT_STANCE"
    ],
    "n_params": 187779
  },
  "n_train_windows": 5699,
  "n_val_windows": 709,
  "n_test_windows": 1448,
  "val": {
    "name": "VAL",
    "n": 709,
    "accuracy": 0.8039492242595204,
    "f1_macro": 0.8014468384552007,
    "labels": [
      "FLIGHT",
      "LEFT_STANCE",
      "RIGHT_STANCE"
    ],
    "confusion_matrix": [
      [
        157,
        22,
        45
      ],
      [
        44,
        195,
        0
      ],
      [
        26,
        2,
        218
      ]
    ],
    "classification_report": "              precision    recall  f1-score   support\n\n      FLIGHT      0.692     0.701     0.696       224\n LEFT_STANCE      0.890     0.816     0.852       239\nRIGHT_STANCE      0.829     0.886     0.857       246\n\n    accuracy                          0.804       709\n   macro avg      0.804     0.801     0.801       709\nweighted avg      0.806     0.804     0.804       709\n"
  },
  "test": {
    "name": "TEST",
    "n": 1448,
    "accuracy": 0.6484806629834254,
    "f1_macro": 0.6372720227144376,
    "labels": [
      "FLIGHT",
      "LEFT_STANCE",
      "RIGHT_STANCE"
    ],
    "confusion_matrix": [
      [
        202,
        160,
        114
      ],
      [
        76,
        350,
        71
      ],
      [
        58,
        30,
        387
      ]
    ],
    "classification_report": "              precision    recall  f1-score   support\n\n      FLIGHT      0.601     0.424     0.498       476\n LEFT_STANCE      0.648     0.704     0.675       497\nRIGHT_STANCE      0.677     0.815     0.739       475\n\n    accuracy                          0.648      1448\n   macro avg      0.642     0.648     0.637      1448\nweighted avg      0.642     0.648     0.638      1448\n"
  },
  "per_file_test": {
    "02 - Running at 13km⧸h - Side View.csv": {
      "n": 286,
      "accuracy": 0.6398601398601399,
      "f1_macro": 0.6225402140130917,
      "confusion_matrix": [
        [
          50,
          23,
          20
        ],
        [
          16,
          92,
          5
        ],
        [
          31,
          8,
          41
        ]
      ]
    },
    "20 - Running (0.8 to 3.5 m⧸s)__segment_1.csv": {
      "n": 856,
      "accuracy": 0.6507009345794392,
      "f1_macro": 0.6400497193263833,
      "confusion_matrix": [
        [
          148,
          57,
          84
        ],
        [
          60,
          152,
          66
        ],
        [
          19,
          13,
          257
        ]
      ]
    },
    "22 - Running Analysis with Physiotherapist.csv": {
      "n": 306,
      "accuracy": 0.6503267973856209,
      "f1_macro": 0.5493611059723711,
      "confusion_matrix": [
        [
          4,
          80,
          10
        ],
        [
          0,
          106,
          0
        ],
        [
          8,
          9,
          89
        ]
      ]
    }
  },
  "history": [
    {
      "epoch": 1,
      "train_loss": 0.8616395817862617,
      "val_loss": 0.5981448997227194,
      "val_acc": 0.7489421720733427
    },
    {
      "epoch": 2,
      "train_loss": 0.4873552180826664,
      "val_loss": 0.5102345135971925,
      "val_acc": 0.8039492242595204
    },
    {
      "epoch": 3,
      "train_loss": 0.39923117380175327,
      "val_loss": 0.5307699817696478,
      "val_acc": 0.7475317348377997
    },
    {
      "epoch": 4,
      "train_loss": 0.3628480828470654,
      "val_loss": 0.5283121354825406,
      "val_acc": 0.7362482369534555
    },
    {
      "epoch": 5,
      "train_loss": 0.3438511083523432,
      "val_loss": 0.5251054514110173,
      "val_acc": 0.7856135401974612
    },
    {
      "epoch": 6,
      "train_loss": 0.3164417336384455,
      "val_loss": 0.5718064807954393,
      "val_acc": 0.7165021156558533
    },
    {
      "epoch": 7,
      "train_loss": 0.292696377221081,
      "val_loss": 0.6865816922550981,
      "val_acc": 0.7080394922425952
    },
    {
      "epoch": 8,
      "train_loss": 0.2734168153670099,
      "val_loss": 0.6919523179531097,
      "val_acc": 0.7235543018335684
    },
    {
      "epoch": 9,
      "train_loss": 0.259778492566612,
      "val_loss": 0.8764204272766544,
      "val_acc": 0.6784203102961918
    },
    {
      "epoch": 10,
      "train_loss": 0.244838421460655,
      "val_loss": 0.7861737516434135,
      "val_acc": 0.7108603667136812
    },
    {
      "epoch": 11,
      "train_loss": 0.25444697042306264,
      "val_loss": 0.8726758687469284,
      "val_acc": 0.6981664315937941
    },
    {
      "epoch": 12,
      "train_loss": 0.2213050247894393,
      "val_loss": 0.9241012276816267,
      "val_acc": 0.691114245416079
    },
    {
      "epoch": 13,
      "train_loss": 0.22017414884434805,
      "val_loss": 0.9561292580808336,
      "val_acc": 0.7023977433004231
    },
    {
      "epoch": 14,
      "train_loss": 0.20841136549909908,
      "val_loss": 0.9472944248042087,
      "val_acc": 0.6995768688293371
    },
    {
      "epoch": 15,
      "train_loss": 0.20023581898874707,
      "val_loss": 1.0219522760011919,
      "val_acc": 0.689703808180536
    },
    {
      "epoch": 16,
      "train_loss": 0.19711194725500214,
      "val_loss": 1.0415111263144672,
      "val_acc": 0.693935119887165
    },
    {
      "epoch": 17,
      "train_loss": 0.1878363833659225,
      "val_loss": 1.0529021536261474,
      "val_acc": 0.6953455571227081
    }
  ]
}